"ID","Description","setSize","enrichmentScore","NES","pvalue","p.adjust","qvalue","rank","leading_edge","core_enrichment"
"GSE13547_CTRL_VS_ANTI_IGM_STIM_ZFX_KO_BCELL_12H_DN","GSE13547_CTRL_VS_ANTI_IGM_STIM_ZFX_KO_BCELL_12H_DN",136,0.344377199491766,2.05227622213754,4.66617919672025e-06,0.00691126915546485,0.00614685447521562,4399,"tags=46%, list=27%, signal=34%","MAML2/FOXP1/SYNE1/JAKMIP1/SNX29/ZBTB20/PLCB2/CD72/MTSS1/SSBP2/WLS/NSG2/RNF32/RAPGEF4/ST6GAL1/FOXJ2/IGFBP4/TECPR1/PHF21A/HDAC7/SIDT1/BACH2/ARL5C/TRPM1/ZNRF3/RASGRP1/CEP68/TIMP2/TCF20/TTC28/MBP/TET1/IGF1R/CD55/ABCA1/ZNRF1/LRRC23/PNPLA7/TGFBR3/RPL19/RAB3IP/IKBKE/RNF167/TRAT1/ZHX2/KBTBD11/TANC1/TET3/ANGEL1/LEF1/ACSS1/LRP6/MPPE1/PLEKHA1/SCML4/SUN2/USP24/TTC3/MBD5/LDHB/SLC16A5/SLC43A2/HSD17B8"
"GSE16450_CTRL_VS_IFNA_12H_STIM_IMMATURE_NEURON_CELL_LINE_UP","GSE16450_CTRL_VS_IFNA_12H_STIM_IMMATURE_NEURON_CELL_LINE_UP",169,0.324630587342599,1.98781234556616,4.11316134507391e-06,0.00691126915546485,0.00614685447521562,3352,"tags=38%, list=21%, signal=30%","MAML2/WWOX/LPP/ZBTB20/KLF12/PRKAG2/CLASP2/NBEA/GMDS/TAF3/ARHGAP15/TNIK/GPATCH2/FUCA2/NAGA/FBXW7/DTD1/TECPR1/STX8/PCCA/PRKCA/CIRBP/ADK/ATP10A/FBXL17/BTRC/SLC39A11/ATXN7L1/PRKCQ/RNGTT/RASGRF2/SAMHD1/TRERF1/DDX10/ITFG1/SCFD2/FARSB/UBASH3B/MSRA/FARS2/SLC9A9/DDX19B/KDM4A/VWA8/PRKCB/POLR3B/PCNT/PCSK5/PEX10/PDIA5/MLXIP/ZNF407/PDSS2/FCHSD2/TMEM135/TBC1D5/RHNO1/DPYD/FUT8/UCP2/MDN1/MPRIP/DHX33/DOCK2"
"GSE7219_UNSTIM_VS_LPS_AND_ANTI_CD40_STIM_NIK_NFKB2_KO_DC_UP","GSE7219_UNSTIM_VS_LPS_AND_ANTI_CD40_STIM_NIK_NFKB2_KO_DC_UP",168,0.324189699341854,1.98413085331129,4.59705188978985e-06,0.00691126915546485,0.00614685447521562,6063,"tags=55%, list=37%, signal=35%","IQGAP2/FOXP1/ELMO1/GAS7/GZMM/IL27RA/NCK2/PIK3IP1/SAMD3/LRCH3/HS3ST3B1/NSG2/AGPAT3/FCGR2B/RNF32/RAPGEF4/FBXW7/KLHL6/ARL4C/SLAMF6/PHF21A/RAP1GAP2/LAIR1/DMRTA1/GGT1/ADK/BACH2/ARL5C/WDR4/SMAD4/PRKCQ/ZC3H12D/BTLA/VAV3/TCF20/CD9/SCFD2/FRRS1/CD55/FAS/EPS15L1/RCSD1/PRKCB/ST3GAL1/DGKA/IKBKE/SNX4/NRM/ATP10D/KBTBD11/HSD11B1/NAT10/MDN1/DOCK2/LEF1/RXRA/ELK4/SCML4/S1PR1/CD247/ELOVL7/DEF6/SGMS1/CD44/TXK/HDAC10/MAPK11/CDC14B/LPIN1/ZSWIM6/TPM4/TTC7B/ARHGAP26/PIK3R1/CD84/FAM53B/ACTN1/GRAMD4/CD7/CX3CR1/ARHGAP1/CD2AP/ATP2B1/F2RL2/B3GNT2/AS3MT/DAPL1/TNFSF8/WWP1/HAAO/AQP9/SLC11A2/TIRAP"
"GSE7460_WT_VS_FOXP3_HET_ACT_WITH_TGFB_TCONV_UP","GSE7460_WT_VS_FOXP3_HET_ACT_WITH_TGFB_TCONV_UP",175,0.315722748374593,1.94213633679413,6.25611116932365e-06,0.00691126915546485,0.00614685447521562,4332,"tags=44%, list=27%, signal=33%","FOXN3/FRMD6/PITPNC1/IFITM2/ARHGEF10/ZBTB20/ACVR1B/WLS/MGST2/HS3ST3B1/KIAA0040/IFITM5/ST6GAL1/FOXJ2/IGFBP4/FKBP15/ARL4C/PACS2/SH3PXD2A/SPRY1/SYK/SMAD4/ENDOV/MVD/MYO10/BTLA/STAMBPL1/VAV3/ESR1/LIMD1/NFIA/AMPD3/FOS/MLLT3/TET1/CDON/SMOX/CCDC88C/KMT2E/ATP13A2/UBXN11/TEF/ST3GAL1/TRIM56/PARD6G/SYCP2L/USH1C/IKBKE/SUN1/ANXA5/TRAT1/SFSWAP/RTF1/ATP10D/KBTBD11/LAPTM4A/CPEB2/CD40/TANC1/LEF1/GATA3/LHFPL3/TTC21B/ZNF503/DAP/CCSER2/S1PR1/PARM1/GGACT/DOCK4/SLC30A10/STAC3/GSAP/SEMA4A/MAPK11/USF2/UBN2"
"GSE7764_IL15_TREATED_VS_CTRL_NK_CELL_24H_DN","GSE7764_IL15_TREATED_VS_CTRL_NK_CELL_24H_DN",182,0.310412831090342,1.92058965538045,6.80913217287178e-06,0.00691126915546485,0.00614685447521562,6737,"tags=59%, list=41%, signal=35%","FHIT/PRKCE/ALDH1B1/SYNE1/CREBBP/APBB1IP/ZBTB20/GPRC5A/KLF12/NCK2/WLS/KCTD18/IRF7/G0S2/BCL11B/FCGR2B/PTTG1/AFMID/SLAMF6/PRKCA/L3MBTL3/CEP164/HIVEP2/BACH2/ABCG1/ZER1/KANSL1L/ESYT2/YAP1/AGO4/SUSD1/CAMK2D/CNRIP1/FOS/MLLT3/TET1/NOXO1/TRIP4/ABCA1/NOSTRIN/TMTC1/MYBPHL/CPNE5/KDM7A/USP17L2/IQSEC3/EPAS1/RAB12/ATP10D/CPEB2/KLHL29/SLC38A9/PHACTR3/LEF1/ACSS1/B3GNT5/LYST/TFPI2/S1PR1/PLVAP/SPO11/ELOVL7/GSAP/PLCB4/GNB5/GLUL/TRPS1/XDH/BAZ2A/UPB1/TMEM14A/CRHR1/ARHGEF18/TSKS/PHYHIPL/KRTAP11-1/PTGS1/CPNE7/FBXO32/PSD2/TTC12/P2RX4/CX3CR1/OXR1/TCP11L2/RFX5/ZYG11B/AS3MT/SMARCD3/NRCAM/RSAD2/IFIT1/PTPDC1/WFIKKN2/RBM11/CITED2/RBAK/PDE5A/AKAP5/TSPAN32/MSR1/ATXN7/FOXO3/KCNIP3/CARNS1/ICA1L/APOE/ANKRD50"
"GSE46606_DAY1_VS_DAY3_CD40L_IL2_IL5_STIMULATED_BCELL_UP","GSE46606_DAY1_VS_DAY3_CD40L_IL2_IL5_STIMULATED_BCELL_UP",147,0.324677826690309,1.95359251627824,8.26694543544129e-06,0.00699245801414409,0.00621906351353899,4331,"tags=45%, list=27%, signal=34%","MAML2/FOXP1/KCNQ1/UNC13C/TENM4/PPP2R2C/SYT1/CTNND2/MARVELD2/FCGBP/CTTNBP2NL/RBPJ/ZFHX3/SLC4A8/BCL11B/EBF2/VEGFC/ATXN1/RPA1/ARL4C/THSD7A/PDPN/PLK2/ENDOV/FHDC1/GLCCI1/TRIML1/BCL2/TSC22D1/C2orf83/CIITA/FSTL4/LRP2/TTYH2/FARS2/GOLGA7B/SLC9A9/DGKI/ZNF473/GOLGA7B/MLH1/DENND5A/CCDC7/PPP1R17/FBXO16/GNRH1/TES/ATP10B/ITGA2/C14orf132/VTN/ITCH/PDE3B/EIF4E3/LYST/SEL1L3/DAOA/IL19/ERG/CERS3/CTDSPL/ZNF670/DNTT/FOXG1/C5orf47/KANK2/LPIN1"
"GSE37301_CD4_TCELL_VS_GRANULOCYTE_MONOCYTE_PROGENITOR_DN","GSE37301_CD4_TCELL_VS_GRANULOCYTE_MONOCYTE_PROGENITOR_DN",167,0.316043930347281,1.93336965960287,1.04899428068214e-05,0.0076052085349455,0.00676404131663911,6042,"tags=56%, list=37%, signal=36%","AFAP1/GFRA1/IFITM2/PLCB2/TMEM67/RAB11FIP4/SAMD3/CBLB/MBOAT1/ST6GAL1/PPFIBP2/SLAMF6/VGLL4/UBASH3A/CDC14A/LIMK1/HIVEP2/TIAM1/RBL1/PRKCQ/VIPR2/IL17RB/MIDN/TMEM63C/GRAMD1B/BTLA/TIMP2/TNFSF11/VAV3/ASB2/ADAMTS6/RTP4/VPS37B/MTBP/RBM38/ITPR1/EHD3/CDON/ABTB2/MINK1/USP18/JARID2/PPP3CC/SUSD2/TMPRSS11E/SBK2/IKBKE/PAFAH1B3/EPAS1/ZHX2/ABCG2/P2RX7/IMMP2L/TNIP1/RXRA/SESN3/TTN/ITGB1/AHR/SH3GL3/CD83/TTC8/TRIB1/TTC3/GSAP/SEMA4A/PODNL1/TXK/DCLK2/RNF19A/PDE4B/ITPKB/IPCEF1/NF1/ARHGAP26/ENDOD1/PLSCR1/SEMA6D/MAX/AAK1/CD28/PRKCH/MCTP1/RFX5/IL5/GALNT9/IVD/GALNT10/TNFSF8/ITGAE/RRAS2/RNF43/SLC11A2/IKZF1"
"GSE7852_TREG_VS_TCONV_LN_DN","GSE7852_TREG_VS_TCONV_LN_DN",177,0.306600628224461,1.88950972972954,2.4992955391636e-05,0.0140932498458392,0.012534478680624,6197,"tags=54%, list=38%, signal=34%","PSD3/PLXNA4/SYNE1/CELF4/PIK3IP1/ADAMTS16/EMID1/SGK1/LSS/HS3ST3B1/MBOAT1/G0S2/RNF32/RAPGEF4/KRT76/TMEM9B/L3MBTL3/CRTAM/GGT1/DUSP10/PPT2/LRTM2/ITK/MYO10/LBP/BTLA/CERS6/SUSD1/TTYH3/SATB1/RGCC/SPTBN1/ITPR1/EHD3/AP3B2/SPICE1/MCTP2/IFITM10/CNN3/KCNK12/NUMB/SLC26A11/TGFBR3/ST3GAL1/GABRR2/MFHAS1/SLC5A11/APP/EPAS1/RAMP3/UBE2J1/PEX6/PDE3B/THEMIS/LYST/GUCD1/TEC/SMTNL2/BCL2L14/DAP/SCML4/S1PR1/PARM1/AMIGO2/ELOVL7/DNTT/ABHD15/HSD3B2/SEMA4A/FOXK1/TREM2/SLC16A5/ARL5B/ACTN1/MAX/SMAP2/ENC1/GABRP/RYR1/AFP/NTRK3/RAP2B/CHD7/FNTB/C1orf21/EPB41L1/DAPL1/SLC12A7/MN1/ARHGAP29/CSNK1E/GNMT/ENTPD5/IKZF1/CDPF1/SGSH/TAGLN2"
"HARALAMBIEVA_PBMC_FLUARIX_AGE_50_74YO_CORR_WITH_28D_MEM_B_CELL_RESPONSE_AT_0DY_NEGATIVE","HARALAMBIEVA_PBMC_FLUARIX_AGE_50_74YO_CORR_WITH_28D_MEM_B_CELL_RESPONSE_AT_0DY_NEGATIVE",371,0.250574599663178,1.65026050011293,2.41552115631033e-05,0.0140932498458392,0.012534478680624,5727,"tags=45%, list=35%, signal=30%","KCNQ1/GLIS3/SNX29/GAS7/PLXDC2/ACO2/DACH1/CAMK1D/NCOR2/SAMD1/LENG9/XXYLT1/S1PR3/CREB5/NRP1/WLS/GANC/CEBPB/OPN3/CRISPLD2/G0S2/NUBP1/WDFY4/SLC30A1/TECPR1/MICAL2/LILRA4/SH3BP4/AZU1/RIN3/SYK/PLEKHM3/RNPEP/TMTC2/CHML/CUX2/GNL2/MAN2A1/SCT/BNIP3L/NFIC/CADM4/TBC1D9/MAML3/GRAMD1B/KLF10/SPRED2/SETD7/CERS6/PANX2/EIF2AK2/SCN9A/CIITA/AP3B1/FRRS1/ALDH2/PGAM2/ZNF496/TBC1D14/JAG1/FUT4/NETO2/GNA11/TRIO/MPP7/TMEM144/TM9SF2/TRAM2/SERTAD2/PAPLN/ZNF511/MOB1A/ADAM17/PIK3CB/TUBGCP3/DYSF/KIAA1958/DENND5A/TMTC1/RELB/ZNF703/GNA15/KLF4/MKNK2/MLXIP/LDLRAD3/ARID3A/FAAH/IDH3A/APP/FCHSD2/ZDHHC7/ZNF844/BACH1/CLEC6A/TET3/TNFRSF21/PSMB7/RRAGC/BRI3BP/GRIK5/CLEC4C/MTMR14/ZNF503/CLDN23/MAP1LC3B2/OGFRL1/PLEK/NAB2/DOCK4/EIF4E2/GAB2/POM121/SYS1-DBNDD2/UGCG/HLA-DMA/NRROS/TIFAB/MAPK6/SFT2D2/GPR157/ASAH1/SGK3/LRRK1/FAM168A/INCENP/SLC16A5/ST6GALNAC3/PISD/PIAS4/MACF1/PPM1J/ARHGAP24/ZNF768/YPEL2/ZMIZ1/DERA/SDCBP/PLAGL1/IFT20/SMAP2/TMEM170B/SMARCB1/N4BP2/TMEM183A/KLF7/CDC42EP1/LTA4H/SLC2A9/PLBD1/NUDT3/PPTC7/NINJ1/LGALS8/LIN7A/CHPT1/PIP5K1B/TTC7A/NEU3/CDC40/ANO8/SMARCD3/ATP6V0B/UGGT2/LRG1/RNASEK/RARA/CD300C/TSPAN16"
"GSE14415_INDUCED_TREG_VS_TCONV_DN","GSE14415_INDUCED_TREG_VS_TCONV_DN",145,0.316486209494398,1.89983389742144,4.46202127682067e-05,0.0226447579798649,0.0201401549842179,5506,"tags=50%, list=34%, signal=34%","MAML2/FOXP1/JAKMIP1/SNX29/PITPNC1/ZBTB20/CD72/IL27RA/NRP1/SMIM12/SAMD3/HS3ST3B1/GABARAPL2/SMAD3/SLCO3A1/FOXJ2/PHF21A/SIDT1/L3MBTL3/CRTAM/RPTOR/PLEKHM3/CEP164/DMRTA1/IQSEC1/TNRC6C/PPM1H/RASGRP1/CCDC125/CRIM1/ADAMTS6/HPCAL1/CD55/PNPLA7/PPP3CC/SMPDL3A/RPL19/SPRY2/NARS2/KDM7A/RNF167/RAP2A/ACTR6/TRAT1/KBTBD11/PEX6/AXIN2/ACSS1/B3GNT5/MPPE1/CHMP1B/CD247/ELOVL7/ADRB2/SGMS1/BBS2/MBD5/PUS3/ST6GALNAC3/HSD17B8/PRRG4/USE1/YPEL5/ATP6V1G3/GGPS1/FBXO32/KLF7/MYO3B/TCP11L2/KCNJ8/TBRG1/F2RL2/AS3MT"
"GSE7568_CTRL_VS_24H_TGFB_TREATED_MACROPHAGES_WITH_IL4_AND_DEXAMETHASONE_DN","GSE7568_CTRL_VS_24H_TGFB_TREATED_MACROPHAGES_WITH_IL4_AND_DEXAMETHASONE_DN",178,0.295212517783771,1.8225477108543,5.41615271953258e-05,0.0249881591378435,0.0222243663745031,7678,"tags=65%, list=47%, signal=35%","LDLRAD4/NEUROG3/SET/MTUS2/GPR176/ZCCHC24/DCLK1/SGPP2/RUSC2/EMID1/DAB1/HCN1/CDH22/NDUFV3/CUX2/DAW1/CARD10/HSBP1L1/NLGN1/SCRT2/TNNI1/JPH3/CAV3/PROZ/TMEM175/ALOX12B/IL10/SLC7A7/ATXN7L2/CPPED1/AMH/TFF3/CRB3/CREB3L3/PON1/PITX1/HSPA12B/BMP7/FOXF2/SLC12A3/SSC5D/COL19A1/USP2/CCR8/SIGLEC7/KLK5/SH3RF1/TFCP2L1/IGSF9/XCL1/CAMKV/SPTB/TMEM171/RASSF7/EXOC5/ANGPTL2/GATM/MS4A18/CSDC2/TCF15/MORN4/OC90/TRPV4/NDUFA4L2/SEMA4A/GPR35/CDKL1/SLC2A12/NF1/PIK3R6/SPATA9/LHFPL4/RCE1/RGS17/HNRNPC/CFI/PLAG1/MC2R/XRCC2/AP2M1/JUND/MYCN/NOTCH3/OC90/OR51B2/MYL4/MOB3B/NRGN/GAL3ST1/FSTL3/CLEC3B/ENTHD1/S100A8/CLSTN3/ZMYND15/RHCG/UPK3B/AQP7/PLEKHA7/FAM83E/CYP2U1/B4GALT2/SLC6A18/CRYBB2/TNFRSF14/KLRG2/CLIC6/NKX6-1/PAX7/NRIP2/CHAC1/DOCK3/AKR1B15/ITGB7/TNFRSF4/ZNF462/PSMD14"
"GSE23502_BM_VS_COLON_TUMOR_HDC_KO_MYELOID_DERIVED_SUPPRESSOR_CELL_UP","GSE23502_BM_VS_COLON_TUMOR_HDC_KO_MYELOID_DERIVED_SUPPRESSOR_CELL_UP",176,0.297100163540521,1.82873478291021,6.93762578782546e-05,0.0293403757276785,0.0260952099808733,5504,"tags=49%, list=34%, signal=33%","CSMD1/NAALADL2/NTM/CNTN3/SLIT2/SEC14L5/IRS1/VEGFC/THBS2/GCNT3/MYOCD/DBX1/FRMD5/SARM1/GJD2/KRT4/FAT3/ADAM28/KCNU1/NLGN1/RHO/KCNC2/KRT79/IAPP/CEP112/SFMBT2/BAALC/PTPN22/MNX1/HNF1B/UROC1/ZNF841/CLRN3/PLA2G4D/TPRG1/PLA2G6/SLC15A5/FBXL7/SOX1/PCDH15/DDO/DRGX/SCGB3A1/VANGL2/ARPP21/C11orf87/SLC18A1/FOXF1/CPEB1/TSPAN8/DDAH1/EXOC3L2/FGF14/KL/TLE4/NUP155/SLC38A4/AVPR1A/SH3GL3/CDHR4/HOGA1/ANG/GALNT3/LINGO3/UNC79/PSMF1/PRRG4/TRHDE/GPR62/MKRN3/SLC29A4/CRHR1/CER1/ABCA6/VWC2/KCND2/CD28/REG4/HIF1A/DMC1/SUCO/MOXD1/CLMN/GRIA2/FSTL5/SPOCK1"
"GSE9509_10MIN_VS_30MIN_LPS_STIM_IL10_KO_MACROPHAGE_DN","GSE9509_10MIN_VS_30MIN_LPS_STIM_IL10_KO_MACROPHAGE_DN",163,0.298589126181332,1.82275820368857,8.96811073833323e-05,0.0350101246131086,0.0311378614137432,7029,"tags=60%, list=43%, signal=35%","STK32B/PSD3/FHIT/SNX29/CREBBP/CAMK1D/POU2AF1/MTSS1/KCNN3/KIAA1671/F2RL3/ZNF423/TCF3/INO80C/IQSEC1/PAX5/TNRC6C/CMTM7/PDE10A/NKX6-3/ABLIM1/PPP1R18/TFIP11/MYLK/USP34/HPS4/SLC9A9/PPFIA4/ZNF75A/COL5A1/WFS1/DTX1/MLXIP/GRK5/ARPP21/ZHX2/LHPP/MT1X/SHANK3/OR6A2/LEF1/NRN1/ACSS1/ZFP36L1/APCDD1/AK1/GRIK5/SESN3/ERG/CD27/NCLN/MYOM2/GADD45A/TAPT1/KANK2/TMPRSS2/RAG1/ID3/UPB1/FAM53B/GET4/RAG2/EMP2/GPR39/KCNA3/PRKCH/CLIP3/AKAP12/PLCG1/HSDL1/TCP11L2/CDK9/CHD7/FOXO1/TTC7A/MTG2/NAV1/DBN1/LAPTM5/CSH1/STAG3/ELMOD1/NRIP1/EDEM1/DSEL/SYNE3/ABTB1/HMCES/ISG20/SOD2/NOTCH4/CD19/CD79B/SNX25/CSGALNACT1/TCL1B/CDCA7L/GFOD1"
"GSE14699_NAIVE_VS_DELETIONAL_TOLERANCE_CD8_TCELL_UP","GSE14699_NAIVE_VS_DELETIONAL_TOLERANCE_CD8_TCELL_UP",135,0.319334514918469,1.90243590403185,0.000107729917251396,0.0364486220033892,0.032417255099929,5760,"tags=54%, list=35%, signal=35%","FOXP1/SYNE1/SNX29/IL27RA/ARHGAP15/SSBP2/NSG2/ZXDC/RAPGEF4/ST6GAL1/FOXJ2/TECPR1/PHF21A/HDAC7/SIDT1/L3MBTL3/NLRC5/IQSEC1/TNRC6C/PPM1H/RASGRP1/SPRED2/CEP68/TIMP2/ADCY7/CRIM1/TCF20/ADAMTS6/TET1/CD55/LRRC23/PNPLA7/TGFBR3/RPL19/RAB3IP/MFHAS1/IKBKE/RNF167/TRAT1/ZHX2/KBTBD11/TANC1/DPP4/GRK1/LEF1/LRP6/MPPE1/PLEKHA1/SCML4/ELOVL7/USP24/HDAC4/TTC3/ASH1L/MBD5/FAM168A/LDHB/PUS3/SLC43A2/INPP4B/PDK1/SELE/FBXO32/AFP/TCP11L2/MYC/FOXO1/FNTB/DAPL1/TNFSF8/SLC12A7/THUMPD2/ITGAE"
"GSE22432_CDC_VS_COMMON_DC_PROGENITOR_UP","GSE22432_CDC_VS_COMMON_DC_PROGENITOR_UP",170,0.297598788089102,1.82248766893923,0.000106601865652085,0.0364486220033892,0.032417255099929,3040,"tags=33%, list=19%, signal=27%","PSD3/SYNE1/COL23A1/SNX29/CAMK1D/POU2AF1/CDC42EP3/TNK2/CYTH4/EMID1/ARHGAP18/ARHGAP15/MGST2/KIDINS220/MBNL1/KLHL14/KLHL6/INPP5D/INSR/SH3PXD2A/RTN4/RIN3/BIRC3/NEDD9/RELL1/MXD4/SP4/LSP1/MTMR6/TBC1D9/TSHZ1/ZNF821/FAM107B/COTL1/TBXA2R/CNST/CIITA/RAB39A/ALDH2/TBC1D14/SMG1/ARHGAP25/TFEB/CDH17/CNKSR3/ANTXR2/RCSD1/KCNAB2/BLNK/SMPDL3A/GNA15/UBLCP1/CPNE5/LGMN/SSBP3/NRM/MGST1"
"GSE40274_CTRL_VS_FOXP3_AND_PBX1_TRANSDUCED_ACTIVATED_CD4_TCELL_UP","GSE40274_CTRL_VS_FOXP3_AND_PBX1_TRANSDUCED_ACTIVATED_CD4_TCELL_UP",149,0.302411646236847,1.82229234363849,0.000119032666996162,0.0367567542827828,0.0326913066869739,4632,"tags=43%, list=28%, signal=31%","IQGAP2/ITGA9/TENM4/CREBBP/CLNK/STRBP/PADI2/ANKRD44/NRP1/CDK14/MBOAT1/KIDINS220/ST6GAL1/PRR5/DEPDC5/KLHL6/IFNGR1/CSF3R/RYR2/SLC2A3/CCDC102A/PLAUR/HIVEP2/DUSP10/RASGRP1/BTLA/THRB/VAMP5/SAMHD1/TRERF1/ABLIM1/TNRC6B/P2RY14/MCTP2/CDH17/RNF145/MFSD8/CRIP1/CRIP1/TLN1/SLC8A1/RNF167/MEIS3/SPIRE1/SNX8/LGMN/PRKD2/DPP4/TNFRSF21/ITSN2/SPNS3/FCRL5/DNMBP/SLC28A2/MAST4/MMP9/LCP2/KIF21B/RHOH/HDAC10/MAPK11/DDX17/SLC35A5/MKI67/AP1S3"
"GSE17186_CD21LOW_VS_CD21HIGH_TRANSITIONAL_BCELL_UP","GSE17186_CD21LOW_VS_CD21HIGH_TRANSITIONAL_BCELL_UP",179,0.288452176127042,1.78058361265619,0.000128101558114849,0.0367567542827828,0.0326913066869739,4283,"tags=40%, list=26%, signal=30%","HDAC9/BUB1B/RAB31/CCSER1/RBM47/ELMO1/WDR86/CDC42EP3/ALDH16A1/CD72/RBPJ/SLC4A8/EEPD1/NCF4/TUSC1/CHD9/SASH1/RAP1GAP2/CDC14A/BIRC3/CACNA1S/NLRP3/NDC80/TIAM1/CCNE2/ITGB2/UBE2G2/CERS6/SLC6A12/RASGRP3/CENPH/ITPR1/EPS8/PPFIA4/PRKCB/ARHGEF2/TMPO/SLC29A1/LRP1/ZNF703/NEDD4/RUFY1/TJP3/PSRC1/APP/RRAS/LGMN/MAP4K5/OAS2/IFT140/HERPUD1/TNFRSF13B/AURKB/OMA1/EIF4E3/KIF20B/LYST/METRNL/CADM3/ACER3/GATM/RAD51D/TBC1D16/AKT1/CDYL2/GAB2/NSMAF/NRROS/GCNT2/CD81/MAPK11"
"GSE29164_CD8_TCELL_VS_CD8_TCELL_AND_IL12_TREATED_MELANOMA_DAY3_DN","GSE29164_CD8_TCELL_VS_CD8_TCELL_AND_IL12_TREATED_MELANOMA_DAY3_DN",182,0.286032206593508,1.76974158948105,0.000130368783663072,0.0367567542827828,0.0326913066869739,3118,"tags=34%, list=19%, signal=28%","TLE1/FOXP1/LPP/ARHGAP21/NR4A1/NAV2/SGK1/SSBP2/CRK/KCNN4/F2RL3/NSG2/G0S2/ARL4C/NDRG3/TTC39B/SLC7A5/CRTAM/GGT5/ADK/KRT25/SMAD4/TAF1C/ACVRL1/MYB/TULP3/NDRG1/TBXA2R/CD9/SFMBT2/RGCC/RPL30/SPTAN1/MYH9/PAFAH2/RBM38/FOS/SPICE1/NOLC1/NACC2/IGF1R/CNN3/KIF23/FAS/ABCC5/KCNAB2/EIF4ENIF1/CRIP1/CRIP1/ST3GAL1/SLC25A4/GABRR2/RAB3IP/MFHAS1/GCOM1/DGKA/GART/PRKD2/PDGFRB/RPL22/ABCG2/SCG5"
"GSE11057_EFF_MEM_VS_CENT_MEM_CD4_TCELL_DN","GSE11057_EFF_MEM_VS_CENT_MEM_CD4_TCELL_DN",159,0.295732045671728,1.79883475842317,0.000143972156180359,0.0384557206639643,0.0342023604266692,5053,"tags=46%, list=31%, signal=32%","LDLRAD4/MAML2/FOXP1/APBA2/ZBTB20/PIK3IP1/TNIK/TMEM196/KALRN/SAE1/MYCBP2/SSH2/ASGR2/ABCC2/ATXN7L1/GLCCI1/MYB/KLHDC3/CEP68/PTPRS/CERS6/PIWIL1/AGO2/ABLIM1/CNST/HTR6/SPTBN1/LRRC8D/SMG1/MLLT3/USP34/TSHZ2/EP400/RASA2/SERTAD2/TAOK1/GOLGA7B/VRK3/SFI1/GOLGA7B/DENND5A/PPP3CC/DTX1/MEOX1/AK5/NOG/LGMN/ZDHHC21/MDN1/TET3/PDE3B/LEF1/GRIK5/SESN3/FRMPD1/TTN/C16orf87/CD27/ASH1L/TXK/MTUS1/IPCEF1/MACF1/PGAP1/CCDC110/IKZF2/ACTN1/PKMYT1/F5/PDK1/KRT1/CD7/KLF7"
"GSE29615_CTRL_VS_DAY7_LAIV_FLU_VACCINE_PBMC_UP","GSE29615_CTRL_VS_DAY7_LAIV_FLU_VACCINE_PBMC_UP",145,0.300987396615259,1.80679613086403,0.000209722073861239,0.0413786841009692,0.0368020321337736,4587,"tags=44%, list=28%, signal=32%","COL22A1/CHDH/MADCAM1/ANO1/IL5RA/ACOT12/NCF4/TMEM186/LIMK2/KATNAL1/MMP25/TYRP1/HGF/GUCA1A/COLEC12/KDM4B/LMCD1/ETNK2/NKX2-5/BPI/EPHA8/ANKRD22/MGAM/RBMS3/AVP/TOP2A/ADRA2A/MLF2/KCNS3/BASP1/NEIL3/NAV3/CACNB1/RGS18/PLG/SYT6/HEY1/ALLC/TNFRSF17/DDN/KCNJ5/GRM2/GFER/HAS1/TFCP2L1/ATP10B/ERI2/ZNF598/DNAH17-AS1/OR2K2/SLC8A2/ZNF835/OR6A2/SV2B/CNIH3/CORIN/PLCH2/MMP9/TBC1D8/LRRK1/MMP8/MORN5/PIK3R6/MICALL2"
"GSE22886_NAIVE_CD4_TCELL_VS_MONOCYTE_UP","GSE22886_NAIVE_CD4_TCELL_VS_MONOCYTE_UP",170,0.291111515535782,1.78275977115649,0.00019385137511194,0.0413786841009692,0.0368020321337736,5343,"tags=48%, list=33%, signal=33%","FBXW4/MCF2L/ZNF224/GZMM/ZBTB20/NCK2/SH3YL1/TNIK/CBLB/BCL11B/NR3C2/PRR5/LBH/UBASH3A/PRKCA/BIN1/FLT3LG/SIDT1/NELL2/BACH2/IL32/PRKCQ/ZNF331/RNASEH1/ITK/PRMT1/BCL2/PKIA/RORA/ITPR3/ABLIM1/TNRC6B/INSL3/MLLT3/PDE4D/DGKA/GAMT/TRAT1/PLEKHB1/ITM2C/MPRIP/DPP4/SYNE2/LEF1/SNPH/GPR171/SEL1L3/TMEM204/PLEKHA1/S1PR1/PILRB/CD247/CD27/ZNF136/TLE2/KIF21B/TXK/GNB5/LPIN1/LIG1/HSD17B8/AQP3/ZNF76/LIME1/FBLN5/PIK3R1/TMEM14A/DEFA4/ADPRM/INPP4B/TPD52/ITGA6/IPP/CD7/HKDC1/ALDOC/ENO2/CD28/PRKCH/PLCG1/PVRIG/CHD7"
"GSE16266_CTRL_VS_LPS_STIM_MEF_UP","GSE16266_CTRL_VS_LPS_STIM_MEF_UP",174,0.289760533108212,1.78096089930854,0.000211989317561616,0.0413786841009692,0.0368020321337736,5351,"tags=48%, list=33%, signal=33%","VDR/FBXL14/APBB1IP/SH3TC1/NCOR2/SAMD1/TMCC3/TLE3/SIGLEC9/KCNN4/DLC1/IER5L/CAMSAP1/GRB10/IGFBP4/CHD9/SH3BP4/SLC7A5/RIN3/CHST11/RUNX2/TNFRSF12A/KLF10/LPIN2/SFMBT2/CEBPA/SLC7A7/TFEB/DESI2/NFKBIA/IER3/SKIL/ENG/SSH1/SH3BP2/RASGEF1B/KDM7A/BLOC1S2/RASSF5/FLOT1/ZNF710/LHFPL2/FHL3/ARHGEF40/ELK3/IRF2BPL/SERTAD1/SKI/TBC1D16/MYO1F/BMPR2/TMEM223/CD58/LCP2/GPR157/PLK3/TGIF1/VASH1/SLC43A2/ITPKB/ZSWIM6/SERPINE1/MAP1S/HIVEP3/TMEM51/ID3/MMP2/RUNX3/ARAP3/ZMIZ1/FAM53B/SMAD6/SOCS6/STX6/INPP5A/ZBTB4/ID2/AGAP3/ANGPTL4/MAEA/SLCO2B1/PMEPA1/RFFL/LIMS1"
"GSE13229_MATURE_VS_INTMATURE_NKCELL_UP","GSE13229_MATURE_VS_INTMATURE_NKCELL_UP",169,0.290595521434697,1.77940523042736,0.000191584133564206,0.0413786841009692,0.0368020321337736,5759,"tags=51%, list=35%, signal=33%","CCSER1/MCF2L/ELFN2/DLGAP1/PACSIN1/DAB1/CEBPB/KCNN4/FAM47E/SLCO3A1/SLAMF6/GSX2/KCNK13/TENM2/RFTN1/APOC2/ANGPT2/BTC/PDCD1LG2/FHL5/ETNK1/CPVL/ZC3H12D/KLF10/TM4SF20/TLR3/EIF2AK2/MEGF6/PLCE1/TMEM18/PLEKHH1/PARP12/NOL4/CELF2/IGF1R/MFSD2A/RP1/FGFR2/INPP5B/RCSD1/ACE/ACE/NME8/DNAH11/SLC25A4/TMEM200C/SLC24A3/ATP6V1E2/FCHSD2/MUC16/IL17RC/RNLS/PLA2G2C/CHCHD6/DDX25/ASPG/TUBA8/EGLN3/CCDC18/APCDD1/ICAM4/NKX3-1/DKKL1/PPP2R3A/DROSHA/ECE1/SPINT2/FAM227A/TSSK2/LDHB/TACC2/RADIL/IKZF4/CD274/VWC2/GYS2/INCA1/SELE/RAMP1/PGPEP1L/ZNF572/MOXD1/MYH7/MDFI/HLA-DOA/ADIG/THUMPD2"
"GSE13522_CTRL_VS_T_CRUZI_Y_STRAIN_INF_SKIN_IFNAR_KO_DN","GSE13522_CTRL_VS_T_CRUZI_Y_STRAIN_INF_SKIN_IFNAR_KO_DN",177,0.288113152365997,1.77557563339385,0.000191584133564206,0.0413786841009692,0.0368020321337736,5291,"tags=49%, list=32%, signal=33%","C16orf74/CYFIP1/NRP1/WLS/NAGA/CTLA4/SLC7A10/NCF4/SDCBP2/CEP55/SH3BGRL2/SPRY1/RUNX2/TIAM1/PLEKHB2/OAZ2/TGM2/CMTM7/LITAF/TRPM1/LAD1/PDCD1LG2/ICAM1/SLC45A4/CD200/ZC3H12D/MX2/S100A4/LRRC8D/ERGIC1/ARHGAP20/RNASE4/CDK6/CUL7/TRAM2/ALAD/NFKBIA/CNKSR3/GNA12/LAG3/SP6/DENND5A/SUSD2/PRNP/BMP7/FABP5/CRMP1/PAFAH1B3/P2RX7/RALGDS/NSMF/TRIM14/NCMAP/ELK3/TNIP1/RXRA/PRELID2/ANGPTL2/FRMD4B/CTTN/SH3GL3/CD83/CAPN3/GABARAPL1/DBNDD2/TNFRSF18/STX11/ANG/ABHD4/CD81/SYNPO/TGIF1/SDHAF1/HIVEP3/XDH/ENDOD1/GPR68/BID/ST3GAL2/ALDOC/LTA4H/PHLDA1/PTGER2/SRC/ITIH5/RFX5"
"GSE360_CTRL_VS_L_DONOVANI_DC_UP","GSE360_CTRL_VS_L_DONOVANI_DC_UP",177,0.287936689587057,1.7744881335421,0.000198385859103917,0.0413786841009692,0.0368020321337736,4338,"tags=40%, list=27%, signal=30%","RPS6KA2/ALDH1B1/PLCG2/SORL1/ADIPOR2/EIF2B5/NCF4/SF3A3/INPP5D/ANKRD17/CCT3/VGLL4/VAMP8/TDRD3/ST3GAL5/WDFY3/CHML/LMTK2/LSP1/SEC14L1/GNPDA1/SLC7A8/CPVL/MCM3AP/POLR2H/P2RY14/S100A4/XYLT1/SLC1A4/SLC7A7/NASP/ABCC5/VPS52/KCNAB2/ZNF473/UQCRC2/MDC1/LRP1/MYO7A/GPX3/TNR/ALDH1A1/GART/COL15A1/RPL14/MEGF9/NCL/ACTA2/SCCPDH/DPYD/TES/PPRC1/AHCY/PIK3CG/PPP1R26/RXRA/MPPE1/VAV1/DDX39A/RNF10/GLB1/ERG/CTDSPL/BLVRA/NDUFS2/UBA7/SGMS1/TTC3/C3AR1/TRAPPC8/USF2/VASH1"
"GSE39556_CD8A_DC_VS_NK_CELL_DN","GSE39556_CD8A_DC_VS_NK_CELL_DN",175,0.285314280803586,1.7550817450046,0.000211989317561616,0.0413786841009692,0.0368020321337736,6955,"tags=58%, list=43%, signal=34%","HDAC9/RPS6KA2/VDR/GAS7/SMCHD1/CD72/MTSS1/SIT1/CBLB/IRS1/APBB2/ST6GAL1/SIPA1L3/PDGFRA/TJP1/NIPA2/PTAFR/PTPN2/MTMR6/RASGRP1/RNGTT/CARD10/RALGPS1/LYN/APLP2/SLC17A4/XYLT1/RNASE6/STAT6/CD55/SP100/BLCAP/PRKCB/ADARB1/PLG/RELB/SLC25A4/TNFRSF17/PDIA5/SETX/SGCE/FCHSD2/OAS2/TRAT1/IQCE/HERPUD1/TES/SH2B3/SBSPON/PPP1R26/LYST/AOX1/LRP10/CAND2/TTN/PEX2/MPPED1/S1PR1/PTPN21/DNMBP/TBC1D1/SPINT2/RHOH/SETBP1/IFNGR2/MAPK12/MYO1C/MKRN3/PLAGL1/CRYM/ADAM23/KMO/PIP5K1B/ATP2B1/MGLL/ROR1/WASF1/TRIM22/TNFAIP1/ACSM3/ESYT1/AEBP1/EXOC3/SMAD7/MSH3/RAPGEF5/RHOBTB1/TNFAIP8/EVI5/IRF4/BNIP2/DZIP3/EPHX2/RGS16/CD19/CYTH1/PSD4/DNASE1L3/SERPINB8/CXCL3/CD38/CTDP1"
"GSE7568_IL4_VS_IL4_AND_DEXAMETHASONE_TREATED_MACROPHAGE_DN","GSE7568_IL4_VS_IL4_AND_DEXAMETHASONE_TREATED_MACROPHAGE_DN",133,0.304184977321588,1.8069554500628,0.0002346841032123,0.0415555473776955,0.0369593336075827,4593,"tags=43%, list=28%, signal=31%","PITPNC1/PLCB2/KIF26B/SORL1/ANKRD44/SLC31A2/RFX1/CYFIP1/PIK3IP1/IFITM1/SSBP2/MGST2/CBLB/CCDC107/ZC3H18/SLCO3A1/MYCBP2/INSR/PTTG1/ITGA1/L3MBTL3/TNRC6C/FBXL17/RTN4RL1/CRIM1/SAMHD1/PKHD1/XYLT1/GNA11/DAD1/MEOX1/MLXIP/KDM7A/XAF1/ATP8A1/ATP10D/LAPTM4A/SLC38A9/PDE7A/RNF185/PGPEP1/EIF4E3/IFIT3/SOCS5/ELOVL7/SGMS1/TRIM2/PCID2/ASH1L/UBN2/UNC79/PAPPA2/HSD17B8/USE1/PPP1R9B/PPM1J/MTA3"
"GSE29618_BCELL_VS_PDC_DAY7_FLU_VACCINE_DN","GSE29618_BCELL_VS_PDC_DAY7_FLU_VACCINE_DN",170,0.288713302367856,1.76807317261858,0.000248354604182293,0.0415555473776955,0.0369593336075827,5301,"tags=46%, list=32%, signal=31%","LDLRAD4/IQGAP2/DACH1/NRP1/MGST2/NAGA/IRF7/NREP/LILRA4/SH3BP4/SLC7A5/LAIR1/FCER1A/SIDT1/MAP2K6/ZDHHC17/RUNX2/STMN1/ATP10A/CUX2/SCT/LILRB4/TPM2/MYB/ICAM1/GRAMD1B/SORT1/PTPRS/NDRG1/CRIM1/CERS6/CSF2RB/SCN9A/PAFAH2/ALDH2/JAG1/SERTAD2/SLC1A5/CORO1C/CTSC/KCNK10/GNA15/MCC/DAD1/LILRB1/IDH3A/APP/LHFPL2/ITM2C/LAPTM4A/FCER1G/AHCY/DPP4/PTMS/PIK3CG/TNFRSF21/EGLN3/FLNB/GPR171/CD4/SIVA1/RNF5/UGCG/SRP14/SFT2D2/KCNA5/GAS6/TMEM8B/GZMB/ST3GAL2/SEMA3C/CRYM/DAPK1/AHI1/CAPRIN1/FLT3/CD2AP/PMP22"
"GSE22140_HEALTHY_VS_ARTHRITIC_MOUSE_CD4_TCELL_DN","GSE22140_HEALTHY_VS_ARTHRITIC_MOUSE_CD4_TCELL_DN",177,0.285206116742742,1.75766023600338,0.000262025126322415,0.0415555473776955,0.0369593336075827,5355,"tags=48%, list=33%, signal=32%","IQGAP2/KCNQ1/VPS39/FBXL14/NCOR2/CDC42EP3/ZCCHC24/IL27RA/CBLB/ABR/ARHGAP22/RPA1/ARL4C/PHF21A/LAIR1/OAZ2/GNPDA1/KLHDC3/MYO10/LBP/NDRG1/LPL/POLR2H/RIN2/AMPD3/XYLT1/RBM38/HPCAL1/BAIAP2/EREG/UBAC1/ALCAM/ACAA2/SLC7A7/TRAM2/MINK1/SERTAD2/GOLGA2/ENG/GNA12/KCNAB2/HDAC5/PIK3CB/ZFP36L2/ARHGEF2/CRIP1/CRIP1/USP22/ZNF3/GNA15/PRKD2/ZNF710/LHFPL2/HMGA1/TUBGCP2/TRIM66/PIK3CG/SLC23A2/PDE3B/KANK1/TNIP1/GTF2H1/ZBTB7A/RXRA/RXRB/AKAP1/MYO1F/GEMIN2/LIG1/SERPINE1/FMNL1/STK10/PPP2R5C/FAM53B/GRAMD4/BID/MAPK14/CSK/ENC1/LTA4H/MAEA/PHLDA1/AP2M1/CDK9/FOXO1"
"GSE7460_FOXP3_MUT_VS_WT_ACT_TCONV_DN","GSE7460_FOXP3_MUT_VS_WT_ACT_TCONV_DN",179,0.28398126714028,1.75298518236388,0.000230127274912064,0.0415555473776955,0.0369593336075827,5988,"tags=52%, list=37%, signal=33%","CAMTA1/RPS6KA2/TMCC3/CTNND2/ZC3H4/NRP1/HS3ST3B1/PRR16/NREP/IGFBP4/RYR2/ARL4C/SH3PXD2A/SPRY1/PDLIM5/CEP164/SMAD4/ZNRF3/CHST6/BTLA/STAMBPL1/ESR1/TCF20/ADAMTS6/PDGFD/CAMK2D/RIN2/FOS/SPICE1/ACAA2/CDON/KRT72/CNKSR3/CCDC88C/VWA8/NIPA1/TEF/PARD6G/GABRR2/RAB3IP/MFHAS1/CNPY1/IQCF5/APP/ATP8A1/SFSWAP/ATP10D/SYTL1/C9orf72/TANC1/OGDH/LEF1/ELK4/S1PR1/GGACT/ELOVL7/DNMBP/CASC3/KANK4/HDAC10/MAPK11/USF2/CREG1/NSUN4/ID3/ARL5B/PKNOX1/LRRC66/RAG2/GRAMD4/TMEM8B/DUSP7/ASS1/RAMP1/KLF7/WIPF2/PPTC7/FNBP1L/AKAP12/CD2AP/PI4KB/TSPAN17/C1orf21/ATP2B1/NFIX/C1QTNF9/DAPL1/TNFSF8/MOB3B/ARHGAP29/DRC1/PDE5A/MPND"
"GSE10240_CTRL_VS_IL17_AND_IL22_STIM_PRIMARY_BRONCHIAL_EPITHELIAL_CELLS_DN","GSE10240_CTRL_VS_IL17_AND_IL22_STIM_PRIMARY_BRONCHIAL_EPITHELIAL_CELLS_DN",184,0.281689141381139,1.7436762925677,0.000239240934292754,0.0415555473776955,0.0369593336075827,5193,"tags=44%, list=32%, signal=30%","PSD3/HDAC9/FHIT/PRKCE/ARHGEF10/EXO1/SLIT3/ARHGAP21/CTNND2/IFITM3/RAD51B/WDFY4/FCHO1/PPFIBP2/WDR64/SASH1/PDPN/TMEM176B/HCN1/TMEM176A/SYK/CIRBP/CHST11/RUNX2/BCAT1/CDCA8/SRL/MYB/RNF157/LMNB1/KHDRBS3/CSF2RB/ANKS1A/LPIN2/TSC22D1/IGLL1/HNRNPU/CD47/EHMT1/MEF2C/TET1/BASP1/CUL7/KIF23/CACNB1/ATP13A2/CDCA2/G6PC3/DENND5A/CIPC/MBL2/HK2/IVNS1ABP/EEF2K/ZNF518B/CAMKV/ATP2A2/DHX33/PCP4/ELK3/CUX1/WDR31/RXRB/ADM2/ZNF428/KRT16/CLCN3/LRRK1/PKIG/TP53BP1/PALM/TMEM8B/NAT8L/TTC13/GREB1L/CBFA2T3/TTBK2/BCL11A/RFC1/ZC3H12C/CX3CR1"
"GSE5542_UNTREATED_VS_IFNG_TREATED_EPITHELIAL_CELLS_6H_DN","GSE5542_UNTREATED_VS_IFNG_TREATED_EPITHELIAL_CELLS_6H_DN",181,0.279942797718926,1.73071093182649,0.000262025126322415,0.0415555473776955,0.0369593336075827,4698,"tags=43%, list=29%, signal=31%","PLXND1/ARHGAP10/KIAA1671/ATP2A3/ATXN1/DTD1/KATNAL1/CHD9/MICAL2/ADCY9/DNAJC1/LZTR1/ST3GAL4/CHST11/NEDD9/MXD4/LPGAT1/TBXAS1/SRGN/VIPR2/CMIP/DUSP10/GLCCI1/RALGPS1/AGO4/ARL15/ANKS1A/SPEF2/LYN/MYH9/EHD3/MAP3K5/RDX/PTPN22/WDFY1/ARF3/PIK3AP1/B4GALT5/NCKAP1/GNAO1/CTNNA1/PTK2B/CACNB1/SLC1A5/TPRG1/EPS15/DCAF15/MAF/ARFGAP1/ANXA5/MAP2K2/TBC1D5/HEG1/ATP10D/SNX10/HIP1/PIK3CG/SLC23A2/BMPR1A/CDC73/EIF4E3/DENND1B/KIF1C/SLFN12L/CRADD/MYO1F/GABARAPL1/CD58/LCP2/RNF19A/UBN2/SGPL1/PLEKHA5/NF1/MRPL10/GFPT2/PPP2R5C/PIEZO1/UEVLD"
"GSE17974_IL4_AND_ANTI_IL12_VS_UNTREATED_6H_ACT_CD4_TCELL_UP","GSE17974_IL4_AND_ANTI_IL12_VS_UNTREATED_6H_ACT_CD4_TCELL_UP",146,0.299226109794727,1.79873560897161,0.000275695666483964,0.0423986517395794,0.0377091871733091,7018,"tags=60%, list=43%, signal=35%","SYNE1/PTPRD/DACH1/MSI2/ASTN2/WNT5B/ARHGAP18/SLC25A31/RAD51B/DLC1/SLCO3A1/PLCXD3/RBMS2/CCDC102A/NRP2/VLDLR/CASQ1/LHCGR/FBXL17/SNTB1/CHN2/ENDOU/TSHZ1/HSBP1L1/TLR3/GABRB3/CAMK2D/RASGRP3/HPCAL1/ST6GALNAC1/PALD1/EREG/SCGN/RTN2/RAB30/TPRG1/CATSPER3/PPP1R17/PLK4/PARP3/GCOM1/SERPINB12/TMEM253/EPAS1/PAPPA/CPEB1/KLHL29/MACC1/RNF125/GATA3/PGPEP1/SLC6A16/GAB2/SPINT2/ASCL1/ENKUR/LRRC66/RHOQ/GNA14/ABCA6/OR1F1/PDGFC/PDE9A/RAB27B/ZFHX4/SLC6A1/PCED1B/GABRB1/FCER2/IRX5/PLXDC1/CDK2/DSEL/CD8B/ZBTB14/STAT4/MSR1/TTC22/GNAI1/NLRP5/PPARG/ZNF443/SLC26A4/SLC28A1/CDC45/CLDN5/NPY5R/GPR3"
"GSE13229_IMM_VS_INTMATURE_NKCELL_UP","GSE13229_IMM_VS_INTMATURE_NKCELL_UP",173,0.285573607810612,1.75473389934481,0.000303036791116907,0.0452326974975972,0.040229775860969,5052,"tags=44%, list=31%, signal=31%","UNC13C/MCF2L/ARHGEF10/DLGAP1/CYFIP1/PKP4/CDH23/KCNN4/MBOAT1/UBE2H/APBB2/NSG2/SLCO3A1/SLAMF6/TMEM176B/MMP10/PDGFA/SIDT1/CCNE2/CMTM7/KAZN/PDCD1LG2/KIAA1549/TSR1/FHL5/ANO3/C4orf36/CCKBR/NFATC2/SLC6A13/BFSP2/PKN3/TMEM18/PARP12/MBP/NOL4/C11orf16/TSHZ2/CDON/SMCO4/ATP12A/NEURL1/ADAM12/PDZD9/TRDN/CALR3/SLC24A3/FCHSD2/BEND7/DPP4/TUBA8/ZNF593/EGLN3/TMEM132E/LMX1A/TFDP1/C2orf73/FRMD4B/CLCN3/HOGA1/DBF4/DKKL1/PPP2R3A/CD27/SPINT2/RGMA/SGSM1/TACC2/STK4/PKN1/DDX21/RADIL/IKZF2/PDK1/HSPA5/RAMP1/PSD2"
"GSE40274_CTRL_VS_FOXP3_AND_EOS_TRANSDUCED_ACTIVATED_CD4_TCELL_UP","GSE40274_CTRL_VS_FOXP3_AND_EOS_TRANSDUCED_ACTIVATED_CD4_TCELL_UP",150,0.290503853900677,1.75216231911017,0.000357719170213556,0.0490655348333458,0.0436386856863649,5013,"tags=45%, list=31%, signal=31%","ANO6/SLC16A7/PITPNC1/FRMD4A/ANKRD44/CDK14/MBOAT1/RAPGEF4/ST6GAL1/KLHL14/SMARCA2/AGAP1/CRAT/TMEM9B/TMEM176A/ANPEP/RUNX2/RBL1/DNER/TTC32/SORT1/SAMHD1/TOP2A/BFSP2/LYN/CIITA/CAMK2D/RASGRP3/TET1/MCTP2/TFEB/NR1I3/CDH17/KIF23/DGKI/VRK3/ST3GAL1/LRP5/DGKA/KCNJ10/SPIRE1/PRKD2/AGMO/FUT8/HSD11B1/PCP4/ZDHHC2/DPP4/ITSN2/FAM222A/NFAM1/KIF21B/RHOH/PBX1/SGK3/CD81/DCLK2/MBD5/MMP8/SH3BP1/PPP1R9B/ARHGAP9/YPEL2/KCNA2/ARHGEF18/CERS4/MAPK14/FBXO32"
"GSE22611_UNSTIM_VS_6H_MDP_STIM_NOD2_TRANSDUCED_HEK293T_CELL_UP","GSE22611_UNSTIM_VS_6H_MDP_STIM_NOD2_TRANSDUCED_HEK293T_CELL_UP",166,0.285632425472045,1.74618577220949,0.00034860543085673,0.0490655348333458,0.0436386856863649,3758,"tags=36%, list=23%, signal=28%","PTPRD/PSMB6/WWC1/YTHDC1/GPR107/EXO1/EMC8/PRDM10/DCLK1/LSS/C5orf15/ARFIP1/ELF3/CHST5/IRS1/COX4I1/NFIB/THSD7A/LGALS3BP/TMEM9B/RIN3/PHTF2/ANGPT2/INTS7/FHL5/DLX6/STMN2/RORA/JPH3/KIF2C/RGCC/SLC17A4/NCAM2/SBNO1/ASCL3/GDF2/SFTPB/ABTB2/HNF1B/PTK2B/DNAH3/NLRP2/TGFBR3/ZNF3/GNG12/BICD1/PLLP/RAD54L2/ZNF146/ATP2A2/TAF9/CCZ1B/GPR171/CHMP1A/FBXW11/RGS12/LTK/ELK4/GSK3A/CRKL"
"NAKAYA_PLASMACYTOID_DENDRITIC_CELL_FLUARIX_FLUVIRIN_AGE_18_50YO_7DY_UP","NAKAYA_PLASMACYTOID_DENDRITIC_CELL_FLUARIX_FLUVIRIN_AGE_18_50YO_7DY_UP",187,0.279048353162035,1.72774185755681,0.000357719170213556,0.0490655348333458,0.0436386856863649,5595,"tags=48%, list=34%, signal=32%","NTM/CDC42EP3/MTSS1/PIH1D1/NRP1/CDHR5/CBLB/APAF1/CAMSAP1/LIMK2/SMAD2/SLC2A3/GADD45B/ATF7IP/PRKCA/LAIR1/HBS1L/WDFY3/ATP10A/SP4/SEC14L1/ADAM28/PRPF4B/IRF3/TIMP2/CRIM1/COTL1/TMCC1/APLP2/HECTD3/MEF2C/NOLC1/RASA2/GOLGA2/RRP9/TMPO/NMB/BAX/SRSF11/PAK2/SLC12A3/TMUB2/TMEM135/SFSWAP/BACH1/CD40/SRRT/DPP4/SULT1A1/ZNF593/ITSN2/TNIP1/ZFP36L1/STX5/TIMM10B/SULT1A4/TLE4/MTAP/S100A2/BLVRA/AKAP6/UBA7/POM121/STX11/RALGAPB/LPIN1/HSD17B8/IPCEF1/PPIA/HEXIM1/TRPS1/TMEM260/CNOT4/KLHL28/SCO2/RHOQ/PSEN1/SLC2A14/GGPS1/KRAS/ZBED4/PLBD1/ZNF148/LGALS8/MYC/EYA3/OAS3/SIK3/KRT86/KLF9"
